model,RMSE,MAE,R2
ridge,4.978634211235092,3.970245757056927,0.939425433889254
random_forest,5.093355843688851,4.059898066783831,0.9366016563441681
lasso,5.099404034637497,4.062804098316493,0.9364510000914708
baseline_mean,20.228812958251655,16.35567645568439,-2.4572172670378478e-05
